data;ticker;fechamento_b3_rs;fechamento_ajustado_rs;volume_rs
2025-01-02;PETR4;36,77;36,7700;1103499795,00
2025-01-03;PETR4;36,38;36,3800;849389006,00
2025-01-06;PETR4;36,21;36,2100;861553161,00
2025-01-07;PETR4;36,98;36,9800;1391599416,00
2025-01-08;PETR4;36,68;36,6800;898689964,00
2025-01-09;PETR4;36,84;36,8400;424513649,00
2025-01-10;PETR4;36,94;36,9400;1500133137,00
2025-01-13;PETR4;37,07;37,0700;852632281,00
2025-01-14;PETR4;36,82;36,8200;1074748525,00
2025-01-15;PETR4;37,29;37,2900;1207197054,00
2025-01-16;PETR4;37,05;37,0500;988233606,00
2025-01-17;PETR4;37,20;37,2000;1485818732,00
2025-01-20;PETR4;37,29;37,2900;518630773,00
2025-01-21;PETR4;37,30;37,3000;875290795,00
2025-01-22;PETR4;37,09;37,0900;815028261,00
2025-01-23;PETR4;36,83;36,8300;987785921,00
2025-01-24;PETR4;36,64;36,6400;593341331,00
2025-01-27;PETR4;37,18;37,1800;1103954520,00
2025-01-28;PETR4;37,13;37,1300;1025648711,00
2025-01-29;PETR4;36,90;36,9000;672416088,00
2025-01-30;PETR4;37,39;37,3900;1152753614,00
2025-01-31;PETR4;37,69;37,6900;1402101449,00
2025-02-03;PETR4;37,50;37,5000;934614307,00
2025-02-04;PETR4;37,13;37,1300;1272721896,00
2025-02-05;PETR4;36,86;36,8600;757726088,00
2025-02-06;PETR4;36,79;36,7900;645197587,00
2025-02-07;PETR4;36,58;36,5800;784097330,00
2025-02-10;PETR4;36,83;36,8300;644885702,00
2025-02-11;PETR4;36,83;36,8300;612398304,00
2025-02-12;PETR4;36,28;36,2800;1357897461,00
2025-02-13;PETR4;36,32;36,3200;555661385,00
2025-02-14;PETR4;37,44;37,4400;1499190463,00
2025-02-17;PETR4;37,67;37,6700;853126384,00
2025-02-18;PETR4;38,36;38,3600;1683503509,00
2025-02-19;PETR4;38,44;38,4400;1253113363,00
2025-02-20;PETR4;38,50;38,5000;1023316221,00
2025-02-21;PETR4;38,39;38,3900;1154871167,00
2025-02-24;PETR4;38,12;38,1200;1060942282,00
2025-02-25;PETR4;37,95;37,9500;1218042093,00
2025-02-26;PETR4;37,95;37,9500;1039918282,00
2025-02-27;PETR4;36,61;36,6100;4702489549,00
2025-02-28;PETR4;35,93;35,9300;2000419105,00
2025-03-05;PETR4;34,62;34,6200;1688096978,00
2025-03-06;PETR4;34,26;34,2600;1639541711,00
2025-03-07;PETR4;34,63;34,6300;971951909,00
2025-03-10;PETR4;34,62;34,6200;1202334230,00
2025-03-11;PETR4;34,10;34,1000;984823605,00
2025-03-12;PETR4;34,10;34,1000;688073227,00
2025-03-13;PETR4;34,44;34,4400;661565266,00
2025-03-14;PETR4;35,50;35,5000;1462059484,00
2025-03-17;PETR4;36,16;36,1600;1127973212,00
2025-03-18;PETR4;36,19;36,1900;545527424,00
2025-03-19;PETR4;36,16;36,1600;766208479,00
2025-03-20;PETR4;36,24;36,2400;1694026352,00
2025-03-21;PETR4;36,80;36,8000;2241873526,00
2025-03-24;PETR4;36,75;36,7500;747625381,00
2025-03-25;PETR4;37,04;37,0400;1042616380,00
2025-03-26;PETR4;37,39;37,3900;1006359912,00
2025-03-27;PETR4;37,67;37,6700;1074292590,00
2025-03-28;PETR4;37,43;37,4300;823964607,00
2025-03-31;PETR4;37,16;37,1600;972413294,00
2025-04-01;PETR4;37,30;37,3000;715948654,00
2025-04-02;PETR4;37,20;37,2000;629244170,00
2025-04-03;PETR4;36,00;36,0000;2372855659,00
2025-04-04;PETR4;34,55;34,5500;2992511720,00
2025-04-07;PETR4;33,18;33,1800;2873623620,00
2025-04-08;PETR4;32,00;32,0000;2037565708,00
2025-04-09;PETR4;33,30;33,3000;3433039361,00
2025-04-10;PETR4;31,23;31,2300;2268315930,00
2025-04-11;PETR4;31,85;31,8500;2061566793,00
2025-04-14;PETR4;31,73;31,7300;1792412086,00
2025-04-15;PETR4;31,00;31,0000;1824824609,00
2025-04-16;PETR4;31,00;31,0000;2279408432,00
2025-04-17;PETR4;30,85;30,8500;2029435426,00
2025-04-22;PETR4;30,92;30,9200;1284099515,00
2025-04-23;PETR4;30,57;30,5700;2219819673,00
2025-04-24;PETR4;30,43;30,4300;1873104964,00
2025-04-25;PETR4;30,52;30,5200;1085567890,00
2025-04-28;PETR4;30,40;30,4000;833151644,00
2025-04-29;PETR4;30,56;30,5600;1009026030,00
2025-04-30;PETR4;29,99;29,9900;1593787009,00
2025-05-02;PETR4;30,81;30,8100;1009616872,00
2025-05-05;PETR4;29,66;29,6600;1769439287,00
2025-05-06;PETR4;30,15;30,1500;1590576628,00
2025-05-07;PETR4;30,29;30,2900;1056203422,00
2025-05-08;PETR4;30,71;30,7100;1375268604,00
2025-05-09;PETR4;30,91;30,9100;775334596,00
2025-05-12;PETR4;31,65;31,6500;1707169088,00
2025-05-13;PETR4;32,13;32,1300;1790491479,00
2025-05-14;PETR4;31,91;31,9100;895810336,00
2025-05-15;PETR4;31,87;31,8700;1033856560,00
2025-05-16;PETR4;32,02;32,0200;1534414569,00
2025-05-19;PETR4;31,98;31,9800;964668410,00
2025-05-20;PETR4;32,11;32,1100;1075513101,00
2025-05-21;PETR4;31,75;31,7500;918583869,00
2025-05-22;PETR4;31,33;31,3300;1323799986,00
2025-05-23;PETR4;31,40;31,4000;803500397,00
2025-05-26;PETR4;31,30;31,3000;666390313,00
2025-05-27;PETR4;31,53;31,5300;1082433614,00
2025-05-28;PETR4;31,43;31,4300;962972257,00
2025-05-29;PETR4;31,24;31,2400;649220904,00
2025-05-30;PETR4;30,90;30,9000;1398727758,00
2025-06-02;PETR4;31,08;31,0800;1096389190,00
2025-06-03;PETR4;30,18;30,1800;1787892164,00
2025-06-04;PETR4;29,35;29,3500;1245376404,00
2025-06-05;PETR4;29,36;29,3600;698598139,00
2025-06-06;PETR4;29,63;29,6300;832056443,00
2025-06-09;PETR4;29,17;29,1700;1279033247,00
2025-06-10;PETR4;30,05;30,0500;1386969122,00
2025-06-11;PETR4;31,05;31,0500;1613699763,00
2025-06-12;PETR4;31,75;31,7500;1631969195,00
2025-06-13;PETR4;32,53;32,5300;2439157825,00
2025-06-16;PETR4;32,21;32,2100;1489432251,00
2025-06-17;PETR4;32,94;32,9400;1895024916,00
2025-06-18;PETR4;32,91;32,9100;1619377584,00
2025-06-20;PETR4;32,82;32,8200;2794821796,00
2025-06-23;PETR4;32,00;32,0000;1771391913,00
2025-06-24;PETR4;31,37;31,3700;1530594565,00
2025-06-25;PETR4;31,21;31,2100;725321891,00
2025-06-26;PETR4;31,46;31,4600;542325428,00
2025-06-27;PETR4;31,21;31,2100;514636680,00
2025-06-30;PETR4;31,38;31,3800;722711891,00
2025-07-01;PETR4;31,49;31,4900;534915035,00
2025-07-02;PETR4;32,05;32,0500;903155700,00
2025-07-03;PETR4;32,16;32,1600;461444201,00
2025-07-04;PETR4;32,12;32,1200;300704041,00
2025-07-07;PETR4;32,06;32,0600;575255831,00
2025-07-08;PETR4;32,52;32,5200;934448453,00
2025-07-09;PETR4;32,32;32,3200;720896524,00
2025-07-10;PETR4;32,24;32,2400;742267469,00
2025-07-11;PETR4;32,63;32,6300;779764042,00
2025-07-14;PETR4;32,20;32,2000;779056632,00
2025-07-15;PETR4;31,95;31,9500;598546485,00
2025-07-16;PETR4;31,79;31,7900;874394776,00
2025-07-17;PETR4;31,47;31,4700;867138125,00
2025-07-18;PETR4;30,99;30,9900;1783753230,00
2025-07-21;PETR4;31,05;31,0500;510424755,00
2025-07-22;PETR4;31,35;31,3500;769846734,00
2025-07-23;PETR4;31,99;31,9900;872554701,00
2025-07-24;PETR4;31,94;31,9400;568750377,00
2025-07-25;PETR4;31,98;31,9800;427163690,00
2025-07-28;PETR4;32,02;32,0200;898931272,00
2025-07-29;PETR4;32,44;32,4400;1077498790,00
2025-07-30;PETR4;32,77;32,7700;882583471,00
2025-07-31;PETR4;32,64;32,6400;767416727,00
2025-08-01;PETR4;32,21;32,2100;780228311,00
2025-08-04;PETR4;32,16;32,1600;488459358,00
2025-08-05;PETR4;32,31;32,3100;665077653,00
2025-08-06;PETR4;32,35;32,3500;1070651818,00
2025-08-07;PETR4;32,53;32,5300;689386037,00
2025-08-08;PETR4;30,53;30,5300;3332535688,00
2025-08-11;PETR4;30,72;30,7200;862811827,00
2025-08-12;PETR4;30,80;30,8000;1174206493,00
2025-08-13;PETR4;30,57;30,5700;1172508122,00
2025-08-14;PETR4;30,18;30,1800;1304208447,00
2025-08-15;PETR4;30,17;30,1700;1657945791,00
2025-08-18;PETR4;30,36;30,3600;956057541,00
2025-08-19;PETR4;30,04;30,0400;1179248760,00
2025-08-20;PETR4;30,22;30,2200;716748827,00
2025-08-21;PETR4;30,29;30,2900;704887182,00
2025-08-22;PETR4;30,47;30,4700;1506520900,00
2025-08-25;PETR4;30,65;30,6500;645703828,00
2025-08-26;PETR4;30,43;30,4300;662542764,00
2025-08-27;PETR4;30,66;30,6600;499098109,00
2025-08-28;PETR4;30,93;30,9300;798668604,00
2025-08-29;PETR4;31,10;31,1000;863686201,00
2025-09-01;PETR4;31,17;31,1700;308362832,00
2025-09-02;PETR4;31,33;31,3300;619624524,00
2025-09-03;PETR4;31,06;31,0600;925545002,00
2025-09-04;PETR4;31,06;31,0600;772865001,00
2025-09-05;PETR4;30,59;30,5900;1409110207,00
2025-09-08;PETR4;30,71;30,7100;557824302,00
2025-09-09;PETR4;30,95;30,9500;970457146,00
2025-09-10;PETR4;31,51;31,5100;1126908424,00
2025-09-11;PETR4;31,39;31,3900;552550691,00
2025-09-12;PETR4;31,18;31,1800;606499131,00
2025-09-15;PETR4;31,45;31,4500;689359872,00
2025-09-16;PETR4;31,53;31,5300;604222627,00
2025-09-17;PETR4;31,72;31,7200;922990628,00
2025-09-18;PETR4;31,41;31,4100;808185239,00
2025-09-19;PETR4;31,06;31,0600;1518924127,00
2025-09-22;PETR4;31,37;31,3700;687772494,00
2025-09-23;PETR4;31,90;31,9000;1272874298,00
2025-09-24;PETR4;32,62;32,6200;1182464991,00
2025-09-25;PETR4;32,36;32,3600;959642124,00
2025-09-26;PETR4;32,25;32,2500;902107189,00
2025-09-29;PETR4;31,81;31,8100;1138927894,00
2025-09-30;PETR4;31,46;31,4600;1527819112,00
2025-10-01;PETR4;31,38;31,3800;779671049,00
2025-10-02;PETR4;31,08;31,0800;793570209,00
2025-10-03;PETR4;31,00;31,0000;614314145,00
2025-10-06;PETR4;30,72;30,7200;657103099,00
2025-10-07;PETR4;30,83;30,8300;892392199,00
2025-10-08;PETR4;30,65;30,6500;542695467,00
2025-10-09;PETR4;30,21;30,2100;694273726,00
2025-10-10;PETR4;29,94;29,9400;1504887788,00
2025-10-13;PETR4;30,23;30,2300;418977526,00
2025-10-14;PETR4;30,02;30,0200;848311758,00
2025-10-15;PETR4;29,75;29,7500;1202241993,00
2025-10-16;PETR4;29,45;29,4500;846810190,00
2025-10-17;PETR4;29,73;29,7300;1075104888,00
2025-10-20;PETR4;29,75;29,7500;933642910,00
2025-10-21;PETR4;29,51;29,5100;755936601,00
2025-10-22;PETR4;29,85;29,8500;807697676,00
2025-10-23;PETR4;30,19;30,1900;1217525542,00
2025-10-24;PETR4;29,84;29,8400;731750937,00
2025-10-27;PETR4;30,00;30,0000;741863529,00
2025-10-28;PETR4;29,99;29,9900;760540282,00
2025-10-29;PETR4;30,02;30,0200;746170398,00
2025-10-30;PETR4;29,89;29,8900;678798566,00
2025-10-31;PETR4;29,75;29,7500;878663650,00
2025-11-03;PETR4;30,10;30,1000;1657722039,00
2025-11-04;PETR4;30,25;30,2500;1053903046,00
2025-11-05;PETR4;30,85;30,8500;1240577836,00
2025-11-06;PETR4;31,01;31,0100;1350677519,00
2025-11-07;PETR4;32,18;32,1800;3074416165,00
2025-11-10;PETR4;32,36;32,3600;1326640929,00
2025-11-11;PETR4;33,20;33,2000;2265670056,00
2025-11-12;PETR4;32,35;32,3500;2194424826,00
2025-11-13;PETR4;32,49;32,4900;1257290817,00
2025-11-14;PETR4;32,70;32,7000;898936503,00
2025-11-17;PETR4;32,88;32,8800;2094900126,00
2025-11-18;PETR4;32,99;32,9900;873730624,00
2025-11-19;PETR4;32,82;32,8200;1596428507,00
2025-11-21;PETR4;32,57;32,5700;1328591628,00
2025-11-24;PETR4;32,54;32,5400;1257534550,00
2025-11-25;PETR4;32,28;32,2800;917037308,00
2025-11-26;PETR4;32,23;32,2300;807759523,00
2025-11-27;PETR4;32,40;32,4000;519702687,00
2025-11-28;PETR4;31,79;31,7900;1913290722,00
2025-12-01;PETR4;31,85;31,8500;939199335,00
2025-12-02;PETR4;32,07;32,0700;812501720,00
2025-12-03;PETR4;32,31;32,3100;1184249649,00
2025-12-04;PETR4;32,52;32,5200;1075421865,00
2025-12-05;PETR4;31,37;31,3700;2375238965,00
2025-12-08;PETR4;31,66;31,6600;958960728,00
2025-12-09;PETR4;31,86;31,8600;756316268,00
2025-12-10;PETR4;31,94;31,9400;703638819,00
2025-12-11;PETR4;31,26;31,2600;2048709426,00
2025-12-12;PETR4;31,59;31,5900;1249482237,00
2025-12-15;PETR4;31,70;31,7000;1011776764,00
2025-12-16;PETR4;30,74;30,7400;1627883909,00
2025-12-17;PETR4;31,08;31,0800;1217701294,00
2025-12-18;PETR4;30,90;30,9000;1065664353,00
2025-12-19;PETR4;31,01;31,0100;1418854565,00
2025-12-22;PETR4;31,10;31,1000;1122827287,00
2025-12-23;PETR4;30,31;30,3100;1083686528,00
2025-12-26;PETR4;30,41;30,4100;610464847,00
2025-12-29;PETR4;30,73;30,7300;632053755,00
2025-12-30;PETR4;30,82;30,8200;520806992,00
2025-01-02;ITUB4;30,57;26,9815;783618929,00
2025-01-03;ITUB4;29,82;26,3195;1063490724,00
2025-01-06;ITUB4;31,16;27,5022;960238681,00
2025-01-07;ITUB4;31,50;27,8023;797581329,00
2025-01-08;ITUB4;30,99;27,3522;596777549,00
2025-01-09;ITUB4;31,07;27,4228;314266921,00
2025-01-10;ITUB4;30,64;27,0432;592928861,00
2025-01-13;ITUB4;30,86;27,2374;478262726,00
2025-01-14;ITUB4;30,88;27,2551;623259605,00
2025-01-15;ITUB4;32,22;28,4378;1131763183,00
2025-01-16;ITUB4;32,12;28,3495;701044411,00
2025-01-17;ITUB4;32,35;28,5525;675032325,00
2025-01-20;ITUB4;32,66;28,8261;301712366,00
2025-01-21;ITUB4;32,73;28,8879;459360232,00
2025-01-22;ITUB4;32,61;28,7820;687157853,00
2025-01-23;ITUB4;32,54;28,7202;658177461,00
2025-01-24;ITUB4;32,46;28,6496;283743601,00
2025-01-27;ITUB4;33,24;29,3380;668132483,00
2025-01-28;ITUB4;33,30;29,3910;476786192,00
2025-01-29;ITUB4;33,22;29,3204;401757915,00
2025-01-30;ITUB4;34,03;30,0353;890085022,00
2025-01-31;ITUB4;33,81;29,8411;612594103,00
2025-02-03;ITUB4;33,48;29,5499;759312933,00
2025-02-04;ITUB4;33,60;29,6558;688059819,00
2025-02-05;ITUB4;34,11;30,1059;1365776572,00
2025-02-06;ITUB4;34,17;30,1589;1316729757,00
2025-02-07;ITUB4;33,92;29,9382;1204372773,00
2025-02-10;ITUB4;34,29;30,2648;1293341122,00
2025-02-11;ITUB4;34,65;30,5825;1086876547,00
2025-02-12;ITUB4;33,69;29,7352;1024913431,00
2025-02-13;ITUB4;33,87;29,8941;452382201,00
2025-02-14;ITUB4;34,77;30,6884;1026022092,00
2025-02-17;ITUB4;34,84;30,7502;626267750,00
2025-02-18;ITUB4;33,20;29,3027;1014023577,00
2025-02-19;ITUB4;32,89;29,0291;740231766,00
2025-02-20;ITUB4;32,80;28,9497;519102991,00
2025-02-21;ITUB4;32,70;28,8614;990821708,00
2025-02-24;ITUB4;32,52;28,7026;837505314,00
2025-02-25;ITUB4;32,85;28,9938;862362860,00
2025-02-26;ITUB4;32,77;28,9232;710105932,00
2025-02-27;ITUB4;32,74;28,8967;682724046,00
2025-02-28;ITUB4;31,94;28,1906;1137651541,00
2025-03-05;ITUB4;32,40;28,5966;840466075,00
2025-03-06;ITUB4;32,46;28,6496;604245400,00
2025-03-07;ITUB4;32,60;28,7732;674662011,00
2025-03-10;ITUB4;32,89;29,0291;905284469,00
2025-03-11;ITUB4;32,60;28,7732;604663421,00
2025-03-12;ITUB4;32,70;28,8614;584500818,00
2025-03-13;ITUB4;33,23;29,3292;956388996,00
2025-03-14;ITUB4;34,31;30,2824;1081968332,00
2025-03-17;ITUB4;35,34;31,1915;952762290,00
2025-03-18;ITUB4;32,30;31,3592;967376607,00
2025-03-19;ITUB4;32,38;31,4369;799948861,00
2025-03-20;ITUB4;32,08;31,1456;1002447775,00
2025-03-21;ITUB4;32,15;31,2136;1529260526,00
2025-03-24;ITUB4;32,18;31,2427;1024050625,00
2025-03-25;ITUB4;32,44;31,4951;619796154,00
2025-03-26;ITUB4;32,09;31,1553;1024813357,00
2025-03-27;ITUB4;32,13;31,1942;914509749,00
2025-03-28;ITUB4;31,69;30,7670;706356582,00
2025-03-31;ITUB4;31,41;30,4951;796744242,00
2025-04-01;ITUB4;31,40;30,4854;389118586,00
2025-04-02;ITUB4;31,41;30,4951;369759258,00
2025-04-03;ITUB4;31,97;31,0388;1017270913,00
2025-04-04;ITUB4;31,14;30,2330;986125361,00
2025-04-07;ITUB4;31,20;30,2913;1005475087,00
2025-04-08;ITUB4;31,21;30,3010;1127550237,00
2025-04-09;ITUB4;31,78;30,8544;1163203636,00
2025-04-10;ITUB4;31,65;30,7282;1116555461,00
2025-04-11;ITUB4;31,81;30,8835;877487275,00
2025-04-14;ITUB4;32,33;31,3883;847855329,00
2025-04-15;ITUB4;32,74;31,7864;815453866,00
2025-04-16;ITUB4;32,69;31,7379;1028649734,00
2025-04-17;ITUB4;32,75;31,7961;650374880,00
2025-04-22;ITUB4;33,39;32,4175;698803880,00
2025-04-23;ITUB4;34,09;33,0971;926864319,00
2025-04-24;ITUB4;34,75;33,7379;930710334,00
2025-04-25;ITUB4;34,62;33,6117;1102724910,00
2025-04-28;ITUB4;34,99;33,9709;531069227,00
2025-04-29;ITUB4;35,27;34,2427;862422933,00
2025-04-30;ITUB4;35,58;34,5437;1115177532,00
2025-05-02;ITUB4;35,47;34,4369;1340548718,00
2025-05-05;ITUB4;34,84;33,8252;967155299,00
2025-05-06;ITUB4;34,66;33,6505;598712815,00
2025-05-07;ITUB4;35,04;34,0194;468385144,00
2025-05-08;ITUB4;35,32;34,2913;1180309536,00
2025-05-09;ITUB4;37,23;36,1456;2140836171,00
2025-05-12;ITUB4;36,48;35,4175;984588031,00
2025-05-13;ITUB4;36,93;35,8544;908269189,00
2025-05-14;ITUB4;37,18;36,0971;663744236,00
2025-05-15;ITUB4;37,68;36,5825;987929472,00
2025-05-16;ITUB4;37,90;36,7961;1119259329,00
2025-05-19;ITUB4;38,35;37,2330;933572118,00
2025-05-20;ITUB4;38,30;37,1845;685257650,00
2025-05-21;ITUB4;37,53;36,4369;758713407,00
2025-05-22;ITUB4;37,27;36,1845;856787489,00
2025-05-23;ITUB4;37,72;36,6214;749913388,00
2025-05-26;ITUB4;37,80;36,6990;246020533,00
2025-05-27;ITUB4;38,10;36,9903;561294728,00
2025-05-28;ITUB4;37,79;36,6893;550279320,00
2025-05-29;ITUB4;37,49;36,3981;657724232,00
2025-05-30;ITUB4;37,43;36,3398;1167473639,00
2025-06-02;ITUB4;37,15;36,0680;857640964,00
2025-06-03;ITUB4;37,03;35,9515;869778610,00
2025-06-04;ITUB4;36,94;35,8641;636925549,00
2025-06-05;ITUB4;36,49;35,4272;909421033,00
2025-06-06;ITUB4;36,58;35,5146;664198395,00
2025-06-09;ITUB4;36,39;35,3301;869763441,00
2025-06-10;ITUB4;36,00;34,9515;736647595,00
2025-06-11;ITUB4;36,33;35,2718;587110140,00
2025-06-12;ITUB4;36,61;35,5437;799808504,00
2025-06-13;ITUB4;36,17;35,1165;520519278,00
2025-06-16;ITUB4;36,83;35,7573;641433754,00
2025-06-17;ITUB4;37,05;35,9709;722495788,00
2025-06-18;ITUB4;36,83;35,7573;726576808,00
2025-06-20;ITUB4;36,64;35,5728;775301373,00
2025-06-23;ITUB4;36,56;35,4951;519500116,00
2025-06-24;ITUB4;37,25;36,1650;750692335,00
2025-06-25;ITUB4;36,58;35,5146;726035608,00
2025-06-26;ITUB4;36,31;35,2524;838349425,00
2025-06-27;ITUB4;36,27;35,2136;499751262,00
2025-06-30;ITUB4;36,95;35,8738;1093602382,00
2025-07-01;ITUB4;37,10;36,0194;671839528,00
2025-07-02;ITUB4;36,80;35,7282;726517479,00
2025-07-03;ITUB4;37,71;36,6117;507965805,00
2025-07-04;ITUB4;37,73;36,6311;276370215,00
2025-07-07;ITUB4;37,23;36,1456;502838851,00
2025-07-08;ITUB4;37,14;36,0583;775284792,00
2025-07-09;ITUB4;36,37;35,3107;569880823,00
2025-07-10;ITUB4;35,25;34,2233;1359804334,00
2025-07-11;ITUB4;34,96;33,9417;1461542053,00
2025-07-14;ITUB4;34,90;33,8835;902459538,00
2025-07-15;ITUB4;35,02;34,0000;929287917,00
2025-07-16;ITUB4;35,19;34,1650;942194969,00
2025-07-17;ITUB4;35,72;34,6796;884279075,00
2025-07-18;ITUB4;35,07;34,0485;1101987520,00
2025-07-21;ITUB4;35,48;34,4466;424712383,00
2025-07-22;ITUB4;35,00;33,9806;797984389,00
2025-07-23;ITUB4;35,39;34,3592;455585411,00
2025-07-24;ITUB4;35,06;34,0388;389609693,00
2025-07-25;ITUB4;35,21;34,1845;634675348,00
2025-07-28;ITUB4;34,47;33,4660;596705752,00
2025-07-29;ITUB4;34,67;33,6602;561452832,00
2025-07-30;ITUB4;35,07;34,0485;658498692,00
2025-07-31;ITUB4;35,16;34,1359;747214785,00
2025-08-01;ITUB4;34,93;33,9126;561696432,00
2025-08-04;ITUB4;35,30;34,2718;597008804,00
2025-08-05;ITUB4;35,69;34,6505;1711365869,00
2025-08-06;ITUB4;36,14;35,0874;1457476300,00
2025-08-07;ITUB4;36,78;35,7087;960905176,00
2025-08-08;ITUB4;37,03;35,9515;657720015,00
2025-08-11;ITUB4;37,26;36,1748;817979826,00
2025-08-12;ITUB4;38,03;36,9223;1025554540,00
2025-08-13;ITUB4;37,67;36,5728;831257729,00
2025-08-14;ITUB4;37,62;36,5243;981585295,00
2025-08-15;ITUB4;37,49;36,3981;711415548,00
2025-08-18;ITUB4;37,76;36,6602;794840635,00
2025-08-19;ITUB4;36,31;35,2524;1438292570,00
2025-08-20;ITUB4;36,33;35,2718;596325237,00
2025-08-21;ITUB4;36,37;35,3107;568801840,00
2025-08-22;ITUB4;37,39;36,3010;1175903155,00
2025-08-25;ITUB4;37,20;36,1165;400167939,00
2025-08-26;ITUB4;36,95;35,8738;790431932,00
2025-08-27;ITUB4;37,57;36,4757;454744510,00
2025-08-28;ITUB4;38,35;37,2330;938105222,00
2025-08-29;ITUB4;38,49;37,3689;1218014793,00
2025-09-01;ITUB4;38,78;37,6505;560052300,00
2025-09-02;ITUB4;38,12;37,0097;903946001,00
2025-09-03;ITUB4;37,79;36,6893;760108487,00
2025-09-04;ITUB4;37,94;36,8350;584784063,00
2025-09-05;ITUB4;38,36;37,2427;583984472,00
2025-09-08;ITUB4;38,18;37,0680;435978074,00
2025-09-09;ITUB4;37,85;36,7476;718315540,00
2025-09-10;ITUB4;37,88;36,7767;535880405,00
2025-09-11;ITUB4;37,95;36,8447;672555886,00
2025-09-12;ITUB4;37,38;36,2913;820757897,00
2025-09-15;ITUB4;38,00;36,8932;522311941,00
2025-09-16;ITUB4;37,90;36,7961;735492770,00
2025-09-17;ITUB4;38,44;37,3204;943394124,00
2025-09-18;ITUB4;38,49;37,3689;574855130,00
2025-09-19;ITUB4;39,00;37,8641;1008202694,00
2025-09-22;ITUB4;38,44;37,3204;684864840,00
2025-09-23;ITUB4;39,05;37,9126;641788262,00
2025-09-24;ITUB4;38,79;37,6602;705787865,00
2025-09-25;ITUB4;38,48;37,3592;567932843,00
2025-09-26;ITUB4;38,67;37,5437;479690717,00
2025-09-29;ITUB4;38,89;37,7573;724412022,00
2025-09-30;ITUB4;39,07;37,9320;1259916747,00
2025-10-01;ITUB4;38,35;37,2330;955049447,00
2025-10-02;ITUB4;37,93;36,8252;632131810,00
2025-10-03;ITUB4;38,21;37,0971;655896904,00
2025-10-06;ITUB4;37,77;36,6699;545497703,00
2025-10-07;ITUB4;37,17;36,0874;747069375,00
2025-10-08;ITUB4;37,24;36,1553;556060883,00
2025-10-09;ITUB4;37,18;36,0971;652009202,00
2025-10-10;ITUB4;37,14;36,0583;841020078,00
2025-10-13;ITUB4;37,29;36,2039;297559012,00
2025-10-14;ITUB4;37,45;36,3592;772244448,00
2025-10-15;ITUB4;37,45;36,3592;798727554,00
2025-10-16;ITUB4;37,36;36,2718;575807786,00
2025-10-17;ITUB4;37,49;36,3981;635378825,00
2025-10-20;ITUB4;38,16;37,0485;706762396,00
2025-10-21;ITUB4;37,80;36,6990;515990561,00
2025-10-22;ITUB4;38,11;37,0000;511983997,00
2025-10-23;ITUB4;38,08;36,9709;423009507,00
2025-10-24;ITUB4;38,03;36,9223;376433583,00
2025-10-27;ITUB4;38,35;37,2330;417375780,00
2025-10-28;ITUB4;38,48;37,3592;390614874,00
2025-10-29;ITUB4;39,34;38,1942;1037269667,00
2025-10-30;ITUB4;39,29;38,1456;713386137,00
2025-10-31;ITUB4;39,44;38,2913;630896067,00
2025-11-03;ITUB4;40,08;38,9126;697092864,00
2025-11-04;ITUB4;39,96;38,7961;791056519,00
2025-11-05;ITUB4;40,13;38,9612;1401198719,00
2025-11-06;ITUB4;40,13;38,9612;908501742,00
2025-11-07;ITUB4;40,17;39,0000;492660101,00
2025-11-10;ITUB4;40,44;39,2621;649152451,00
2025-11-11;ITUB4;41,22;40,0194;1486638664,00
2025-11-12;ITUB4;40,28;39,1068;1445149270,00
2025-11-13;ITUB4;40,44;39,2621;1324792383,00
2025-11-14;ITUB4;40,60;39,4175;663221207,00
2025-11-17;ITUB4;40,30;39,1262;1723035843,00
2025-11-18;ITUB4;40,10;38,9320;668015196,00
2025-11-19;ITUB4;39,85;38,6893;997557447,00
2025-11-21;ITUB4;39,97;38,8058;637469666,00
2025-11-24;ITUB4;39,82;38,6602;1122741165,00
2025-11-25;ITUB4;39,91;38,7476;1175449709,00
2025-11-26;ITUB4;40,85;39,6602;876729142,00
2025-11-27;ITUB4;40,71;39,5243;373967842,00
2025-11-28;ITUB4;41,64;40,4272;1832446261,00
2025-12-01;ITUB4;41,30;40,0971;639132150,00
2025-12-02;ITUB4;42,22;40,9903;862421367,00
2025-12-03;ITUB4;42,22;40,9903;948079890,00
2025-12-04;ITUB4;43,26;42,0000;969319592,00
2025-12-05;ITUB4;41,26;40,0583;1626791149,00
2025-12-08;ITUB4;41,46;40,2524;1634858705,00
2025-12-09;ITUB4;41,37;40,1650;989339623,00
2025-12-10;ITUB4;39,44;38,2913;978302572,00
2025-12-11;ITUB4;39,41;38,2621;816377429,00
2025-12-12;ITUB4;39,76;38,6019;676520110,00
2025-12-15;ITUB4;40,36;39,1845;695268548,00
2025-12-16;ITUB4;39,32;38,1748;783895147,00
2025-12-17;ITUB4;38,97;37,8350;1196126573,00
2025-12-18;ITUB4;39,17;38,0291;831862377,00
2025-12-19;ITUB4;39,53;38,3786;1365052622,00
2025-12-22;ITUB4;39,61;38,4563;608908415,00
2025-12-23;ITUB4;40,26;39,0874;408866587,00
2025-12-26;ITUB4;39,10;39,1000;475782424,00
2025-12-29;ITUB4;38,98;38,9800;415888384,00
2025-12-30;ITUB4;39,23;39,2300;542387576,00
2025-01-02;VALE3;54,25;54,2500;960890043,00
2025-01-03;VALE3;53,24;53,2400;1259091413,00
2025-01-06;VALE3;52,56;52,5600;1148126692,00
2025-01-07;VALE3;52,05;52,0500;1154893951,00
2025-01-08;VALE3;51,55;51,5500;1262068106,00
2025-01-09;VALE3;51,23;51,2300;819749495,00
2025-01-10;VALE3;51,52;51,5200;1335846460,00
2025-01-13;VALE3;51,51;51,5100;1591567206,00
2025-01-14;VALE3;51,85;51,8500;1110644393,00
2025-01-15;VALE3;52,60;52,6000;1829784180,00
2025-01-16;VALE3;52,67;52,6700;11528773785,00
2025-01-17;VALE3;54,49;54,4900;2956234442,00
2025-01-20;VALE3;54,29;54,2900;666238407,00
2025-01-21;VALE3;54,02;54,0200;1548583619,00
2025-01-22;VALE3;52,66;52,6600;1843897392,00
2025-01-23;VALE3;52,32;52,3200;1311852050,00
2025-01-24;VALE3;53,03;53,0300;1086239495,00
2025-01-27;VALE3;53,96;53,9600;1314507461,00
2025-01-28;VALE3;52,65;52,6500;1213869950,00
2025-01-29;VALE3;52,80;52,8000;1020098645,00
2025-01-30;VALE3;55,03;55,0300;2217850460,00
2025-01-31;VALE3;54,17;54,1700;1388231957,00
2025-02-03;VALE3;54,21;54,2100;1467173924,00
2025-02-04;VALE3;54,02;54,0200;1766085963,00
2025-02-05;VALE3;54,31;54,3100;1175579741,00
2025-02-06;VALE3;55,13;55,1300;1811745048,00
2025-02-07;VALE3;54,83;54,8300;1341940556,00
2025-02-10;VALE3;55,40;55,4000;858087646,00
2025-02-11;VALE3;55,16;55,1600;998961824,00
2025-02-12;VALE3;54,79;54,7900;1947522878,00
2025-02-13;VALE3;54,86;54,8600;1188920278,00
2025-02-14;VALE3;55,67;55,6700;2766474577,00
2025-02-17;VALE3;55,37;55,3700;689182490,00
2025-02-18;VALE3;55,74;55,7400;1539106635,00
2025-02-19;VALE3;55,69;55,6900;1464569761,00
2025-02-20;VALE3;57,74;57,7400;4409001263,00
2025-02-21;VALE3;58,16;58,1600;2152895324,00
2025-02-24;VALE3;57,63;57,6300;1104964356,00
2025-02-25;VALE3;57,07;57,0700;1116544312,00
2025-02-26;VALE3;56,72;56,7200;1451903522,00
2025-02-27;VALE3;56,30;56,3000;1052314198,00
2025-02-28;VALE3;55,15;55,1500;2588691084,00
2025-03-05;VALE3;55,59;55,5900;771902067,00
2025-03-06;VALE3;56,20;56,2000;993283215,00
2025-03-07;VALE3;57,02;57,0200;1445061135,00
2025-03-10;VALE3;53,99;53,9900;1272927170,00
2025-03-11;VALE3;54,44;54,4400;1248088510,00
2025-03-12;VALE3;53,76;53,7600;1008817972,00
2025-03-13;VALE3;54,50;54,5000;1123876286,00
2025-03-14;VALE3;56,29;56,2900;1779752655,00
2025-03-17;VALE3;57,10;57,1000;1320929091,00
2025-03-18;VALE3;57,52;57,5200;1039267349,00
2025-03-19;VALE3;57,42;57,4200;1328228051,00
2025-03-20;VALE3;57,24;57,2400;989396014,00
2025-03-21;VALE3;57,45;57,4500;1749670884,00
2025-03-24;VALE3;57,15;57,1500;1070823621,00
2025-03-25;VALE3;57,34;57,3400;896767474,00
2025-03-26;VALE3;57,69;57,6900;1696900712,00
2025-03-27;VALE3;58,15;58,1500;893198288,00
2025-03-28;VALE3;57,56;57,5600;1795849469,00
2025-03-31;VALE3;56,70;56,7000;1158474173,00
2025-04-01;VALE3;57,19;57,1900;710553311,00
2025-04-02;VALE3;56,93;56,9300;750348212,00
2025-04-03;VALE3;54,87;54,8700;1796753841,00
2025-04-04;VALE3;52,68;52,6800;2408136755,00
2025-04-07;VALE3;52,05;52,0500;1869918588,00
2025-04-08;VALE3;49,20;49,2000;2350737735,00
2025-04-09;VALE3;51,85;51,8500;2850710672,00
2025-04-10;VALE3;52,78;52,7800;1990218222,00
2025-04-11;VALE3;53,66;53,6600;1184878029,00
2025-04-14;VALE3;54,36;54,3600;1090958836,00
2025-04-15;VALE3;53,81;53,8100;941523665,00
2025-04-16;VALE3;52,56;52,5600;1220690502,00
2025-04-17;VALE3;52,88;52,8800;1225765134,00
2025-04-22;VALE3;53,82;53,8200;900274824,00
2025-04-23;VALE3;54,46;54,4600;1007569411,00
2025-04-24;VALE3;55,31;55,3100;1084350337,00
2025-04-25;VALE3;53,85;53,8500;1413308588,00
2025-04-28;VALE3;54,04;54,0400;647707891,00
2025-04-29;VALE3;53,84;53,8400;638028402,00
2025-04-30;VALE3;52,86;52,8600;992973767,00
2025-05-02;VALE3;52,80;52,8000;907618026,00
2025-05-05;VALE3;52,96;52,9600;645460124,00
2025-05-06;VALE3;53,00;53,0000;641648387,00
2025-05-07;VALE3;52,90;52,9000;595313410,00
2025-05-08;VALE3;52,74;52,7400;815218055,00
2025-05-09;VALE3;52,95;52,9500;820533468,00
2025-05-12;VALE3;54,28;54,2800;1447687993,00
2025-05-13;VALE3;55,17;55,1700;1165525662,00
2025-05-14;VALE3;54,90;54,9000;897602803,00
2025-05-15;VALE3;55,45;55,4500;773050279,00
2025-05-16;VALE3;55,49;55,4900;1002851522,00
2025-05-19;VALE3;55,34;55,3400;800358420,00
2025-05-20;VALE3;55,35;55,3500;580993076,00
2025-05-21;VALE3;54,64;54,6400;794523074,00
2025-05-22;VALE3;54,23;54,2300;1002474886,00
2025-05-23;VALE3;54,32;54,3200;798465254,00
2025-05-26;VALE3;54,01;54,0100;388190310,00
2025-05-27;VALE3;53,84;53,8400;965693642,00
2025-05-28;VALE3;53,41;53,4100;945710126,00
2025-05-29;VALE3;53,45;53,4500;548330432,00
2025-05-30;VALE3;52,10;52,1000;1481680717,00
2025-06-02;VALE3;52,56;52,5600;1013255791,00
2025-06-03;VALE3;52,53;52,5300;669676143,00
2025-06-04;VALE3;52,77;52,7700;620607458,00
2025-06-05;VALE3;52,91;52,9100;670875448,00
2025-06-06;VALE3;52,98;52,9800;881470027,00
2025-06-09;VALE3;53,29;53,2900;691108593,00
2025-06-10;VALE3;53,65;53,6500;1013467205,00
2025-06-11;VALE3;53,18;53,1800;726406008,00
2025-06-12;VALE3;52,83;52,8300;588179345,00
2025-06-13;VALE3;52,13;52,1300;692273510,00
2025-06-16;VALE3;53,83;53,8300;2212947171,00
2025-06-17;VALE3;51,41;51,4100;2273190524,00
2025-06-18;VALE3;51,24;51,2400;1054160707,00
2025-06-20;VALE3;49,92;49,9200;2004460599,00
2025-06-23;VALE3;50,55;50,5500;867431141,00
2025-06-24;VALE3;50,54;50,5400;937372942,00
2025-06-25;VALE3;50,48;50,4800;1171864215,00
2025-06-26;VALE3;52,00;52,0000;2101139514,00
2025-06-27;VALE3;53,00;53,0000;1370623764,00
2025-06-30;VALE3;52,65;52,6500;1052770976,00
2025-07-01;VALE3;53,36;53,3600;1161941246,00
2025-07-02;VALE3;55,30;55,3000;3482577160,00
2025-07-03;VALE3;55,04;55,0400;1008931746,00
2025-07-04;VALE3;55,20;55,2000;300019878,00
2025-07-07;VALE3;54,39;54,3900;718607086,00
2025-07-08;VALE3;54,58;54,5800;1460606711,00
2025-07-09;VALE3;54,04;54,0400;660135336,00
2025-07-10;VALE3;55,28;55,2800;2611708913,00
2025-07-11;VALE3;56,00;56,0000;1022130918,00
2025-07-14;VALE3;55,36;55,3600;837347020,00
2025-07-15;VALE3;53,91;53,9100;1351715279,00
2025-07-16;VALE3;54,40;54,4000;1432133458,00
2025-07-17;VALE3;54,30;54,3000;1102614633,00
2025-07-18;VALE3;54,56;54,5600;1292870744,00
2025-07-21;VALE3;56,05;56,0500;2273582613,00
2025-07-22;VALE3;57,50;57,5000;2353536445,00
2025-07-23;VALE3;57,42;57,4200;1028666841,00
2025-07-24;VALE3;56,53;56,5300;1225828881,00
2025-07-25;VALE3;55,70;55,7000;1216609433,00
2025-07-28;VALE3;55,16;55,1600;1054177423,00
2025-07-29;VALE3;54,82;54,8200;806890092,00
2025-07-30;VALE3;53,84;53,8400;1921923588,00
2025-07-31;VALE3;53,46;53,4600;1105602377,00
2025-08-01;VALE3;53,75;53,7500;2193961117,00
2025-08-04;VALE3;54,18;54,1800;875047834,00
2025-08-05;VALE3;54,11;54,1100;1144797588,00
2025-08-06;VALE3;53,77;53,7700;970456328,00
2025-08-07;VALE3;54,11;54,1100;1100559720,00
2025-08-08;VALE3;55,39;55,3900;1336440125,00
2025-08-11;VALE3;55,33;55,3300;1237923999,00
2025-08-12;VALE3;55,91;55,9100;1446674652,00
2025-08-13;VALE3;54,09;54,0900;1069944196,00
2025-08-14;VALE3;53,42;53,4200;2282838962,00
2025-08-15;VALE3;53,32;53,3200;1820812159,00
2025-08-18;VALE3;53,20;53,2000;679050643,00
2025-08-19;VALE3;53,24;53,2400;943947674,00
2025-08-20;VALE3;53,00;53,0000;513932510,00
2025-08-21;VALE3;53,45;53,4500;576032105,00
2025-08-22;VALE3;54,79;54,7900;1129533064,00
2025-08-25;VALE3;54,92;54,9200;572592145,00
2025-08-26;VALE3;55,41;55,4100;1042449207,00
2025-08-27;VALE3;55,38;55,3800;486212676,00
2025-08-28;VALE3;55,40;55,4000;1229375528,00
2025-08-29;VALE3;55,56;55,5600;772611361,00
2025-09-01;VALE3;55,60;55,6000;429016795,00
2025-09-02;VALE3;55,39;55,3900;529845529,00
2025-09-03;VALE3;55,60;55,6000;657204294,00
2025-09-04;VALE3;55,71;55,7100;470962993,00
2025-09-05;VALE3;56,22;56,2200;789005461,00
2025-09-08;VALE3;56,36;56,3600;547550148,00
2025-09-09;VALE3;56,19;56,1900;1379324184,00
2025-09-10;VALE3;56,58;56,5800;762151121,00
2025-09-11;VALE3;57,02;57,0200;804280122,00
2025-09-12;VALE3;57,00;57,0000;702537801,00
2025-09-15;VALE3;57,50;57,5000;714816110,00
2025-09-16;VALE3;57,70;57,7000;900215006,00
2025-09-17;VALE3;57,80;57,8000;1333466136,00
2025-09-18;VALE3;57,69;57,6900;1021237460,00
2025-09-19;VALE3;57,92;57,9200;1464166254,00
2025-09-22;VALE3;58,00;58,0000;1275882929,00
2025-09-23;VALE3;57,67;57,6700;1023484192,00
2025-09-24;VALE3;57,89;57,8900;752963180,00
2025-09-25;VALE3;58,21;58,2100;794515943,00
2025-09-26;VALE3;57,09;57,0900;1655749995,00
2025-09-29;VALE3;57,28;57,2800;894705439,00
2025-09-30;VALE3;57,58;57,5800;1050162241,00
2025-10-01;VALE3;58,31;58,3100;1065429174,00
2025-10-02;VALE3;58,70;58,7000;868529800,00
2025-10-03;VALE3;58,59;58,5900;1130751196,00
2025-10-06;VALE3;59,59;59,5900;1555213858,00
2025-10-07;VALE3;58,75;58,7500;1540330533,00
2025-10-08;VALE3;59,20;59,2000;1456662203,00
2025-10-09;VALE3;59,11;59,1100;1084140142,00
2025-10-10;VALE3;58,87;58,8700;1363364242,00
2025-10-13;VALE3;59,75;59,7500;1394539639,00
2025-10-14;VALE3;59,75;59,7500;1156766415,00
2025-10-15;VALE3;60,86;60,8600;2731823213,00
2025-10-16;VALE3;60,30;60,3000;1287979483,00
2025-10-17;VALE3;60,13;60,1300;1040493281,00
2025-10-20;VALE3;60,90;60,9000;1084549945,00
2025-10-21;VALE3;60,80;60,8000;816798391,00
2025-10-22;VALE3;61,88;61,8800;1562756213,00
2025-10-23;VALE3;61,76;61,7600;695806007,00
2025-10-24;VALE3;61,73;61,7300;686286412,00
2025-10-27;VALE3;61,66;61,6600;741857656,00
2025-10-28;VALE3;62,20;62,2000;982523017,00
2025-10-29;VALE3;63,33;63,3300;1952887052,00
2025-10-30;VALE3;63,81;63,8100;1628829919,00
2025-10-31;VALE3;65,26;65,2600;2528809247,00
2025-11-03;VALE3;65,35;65,3500;1107028675,00
2025-11-04;VALE3;64,62;64,6200;1423388375,00
2025-11-05;VALE3;65,73;65,7300;1477648126,00
2025-11-06;VALE3;65,50;65,5000;1046284896,00
2025-11-07;VALE3;64,78;64,7800;1339207523,00
2025-11-10;VALE3;65,21;65,2100;826805963,00
2025-11-11;VALE3;65,04;65,0400;1661138720,00
2025-11-12;VALE3;65,76;65,7600;1745751415,00
2025-11-13;VALE3;65,67;65,6700;1255292948,00
2025-11-14;VALE3;65,27;65,2700;1066255846,00
2025-11-17;VALE3;65,22;65,2200;1317222915,00
2025-11-18;VALE3;65,02;65,0200;1456873796,00
2025-11-19;VALE3;64,95;64,9500;1073069450,00
2025-11-21;VALE3;65,16;65,1600;1311600915,00
2025-11-24;VALE3;65,09;65,0900;1332994814,00
2025-11-25;VALE3;65,60;65,6000;1199118479,00
2025-11-26;VALE3;66,58;66,5800;2221768110,00
2025-11-27;VALE3;66,33;66,3300;646488544,00
2025-11-28;VALE3;67,40;67,4000;3099010708,00
2025-12-01;VALE3;67,92;67,9200;1062763423,00
2025-12-02;VALE3;68,48;68,4800;1538998544,00
2025-12-03;VALE3;70,69;70,6900;2982719159,00
2025-12-04;VALE3;71,92;71,9200;2726715671,00
2025-12-05;VALE3;70,22;70,2200;2855261264,00
2025-12-08;VALE3;69,74;69,7400;1460757455,00
2025-12-09;VALE3;69,78;69,7800;1610219444,00
2025-12-10;VALE3;71,06;71,0600;1735787002,00
2025-12-11;VALE3;72,00;72,0000;1840690800,00
2025-12-12;VALE3;68,61;68,6100;2494189956,00
2025-12-15;VALE3;69,03;69,0300;1160285555,00
2025-12-16;VALE3;69,29;69,2900;1528445402,00
2025-12-17;VALE3;70,17;70,1700;2063898479,00
2025-12-18;VALE3;70,35;70,3500;1302434157,00
2025-12-19;VALE3;70,85;70,8500;2619831131,00
2025-12-22;VALE3;72,92;72,9200;2025326289,00
2025-12-23;VALE3;72,90;72,9000;1251201195,00
2025-12-26;VALE3;73,12;73,1200;1196065454,00
2025-12-29;VALE3;72,12;72,1200;1444568364,00
2025-12-30;VALE3;71,96;71,9600;1233267162,00
